{"@module": "pytopomat.irvsp_caller", "@class": "IRVSPOutput", "@version": null, "irvsp_output": "/mnt/e/pytopomat/pytopomat/tests/../../test_files/Bi2Se3_outir.txt", "symmorphic": true, "inversion": true, "soc": true, "spin_polarized": false, "parity_eigenvals": {"gamma": {"band_index": [1, 3, 5, 7, 9, 11, 13, 15, 17, 19, 21, 23, 25, 27, 29, 31, 33, 35, 37, 39, 41, 43, 45, 47, 49, 51, 53, 55, 57, 59, 61, 63], "band_degeneracy": [2, 2, 2, 2, 2, 2, 2, 2, 2, 2, 2, 2, 2, 2, 2, 2, 2, 2, 2, 2, 2, 2, 2, 2, 2, 2, 2, 2, 2, 2, 2, 2], "band_eigenval": [-10.396155, -9.79402, -8.861381, -5.847336, -5.009503, 1.157597, 1.445328, 1.955662, 2.002285, 2.206013, 2.271054, 2.427547, 2.688185, 3.484382, 3.542667, 4.942996, 4.997446, 5.744524, 6.458826, 6.933423, 9.599962, 10.414888, 10.583549, 10.715066, 10.971142, 11.643148, 11.699291, 12.199136, 12.360489, 12.367073, 12.882697, 13.409882], "inversion_eigenval": [2.0, -2.0, 2.0, -2.0, 2.0, -2.0, 2.0, 2.0, -2.0, -2.0, 2.0, -2.0, -2.0, 2.0, -2.0, -2.0, 2.0, 2.0, -2.0, -2.0, 2.0, 2.0, 2.0, 2.0, -2.0, -2.0, -2.0, -2.0, 2.0, 2.0, 2.0, -2.0]}, "r": {"band_index": [1, 3, 5, 7, 9, 11, 13, 15, 17, 19, 21, 23, 25, 27, 29, 31, 33, 35, 37, 39, 41, 43, 45, 47, 49, 51, 53, 55, 57, 59, 61, 63], "band_degeneracy": [2, 2, 2, 2, 2, 2, 2, 2, 2, 2, 2, 2, 2, 2, 2, 2, 2, 2, 2, 2, 2, 2, 2, 2, 2, 2, 2, 2, 2, 2, 2, 2], "band_eigenval": [-10.316783, -9.967782, -8.703977, -6.095975, -4.795973, 0.955615, 1.656591, 1.756798, 2.145558, 2.172783, 2.415049, 2.453381, 2.587779, 3.210808, 3.835696, 4.808968, 5.154414, 5.903838, 6.350836, 6.737138, 9.593581, 10.404052, 10.516867, 10.713976, 10.777566, 12.034233, 12.274997, 12.328431, 12.584778, 12.824163, 12.828562, 13.168016], "inversion_eigenval": [2.0, -2.0, 2.0, -2.0, 2.0, -2.0, 2.0, -2.0, -2.0, -2.0, 2.0, -2.0, -2.0, 2.0, 2.0, -2.0, 2.0, 2.0, -2.0, -2.0, 2.0, 2.0, 2.0, 2.0, -2.0, -2.0, -2.0, -2.0, -2.0, 2.0, 2.0, 2.0]}, "t": {"band_index": [1, 3, 5, 7, 9, 11, 13, 15, 17, 19, 21, 23, 25, 27, 29, 31, 33, 35, 37, 39, 41, 43, 45, 47, 49, 51, 53, 57, 59], "band_degeneracy": [2, 2, 2, 2, 2, 2, 2, 2, 2, 2, 2, 2, 2, 2, 2, 2, 2, 2, 2, 2, 2, 2, 2, 2, 2, 2, 4, 2, 2], "band_eigenval": [-8.777657, -8.70832, -8.674628, -6.98198, -6.506677, -1.29932, -0.312483, -0.066294, 0.571421, 1.021144, 1.889011, 1.999523, 2.310771, 2.65389, 4.757732, 5.668691, 6.167392, 6.399803, 7.473439, 7.767082, 8.785504, 10.336412, 11.185598, 12.51891, 12.91161, 13.752309, 14.11367, 14.540199, 15.157111], "inversion_eigenval": [-2.0, 2.0, 2.0, -2.0, 2.0, -2.0, 2.0, -2.0, -2.0, 2.0, 2.0, -2.0, -2.0, -2.0, 2.0, 2.0, -2.0, 2.0, -2.0, 2.0, -2.0, -2.0, 2.0, 2.0, -2.0, -2.0, -0.0, 2.0, 2.0]}, "u": {"band_index": [1, 3, 5, 7, 9, 11, 13, 15, 17, 19, 21, 23, 25, 27, 29, 31, 33, 35, 37, 39, 41, 43, 45, 47, 49, 51, 53, 57, 59], "band_degeneracy": [2, 2, 2, 2, 2, 2, 2, 2, 2, 2, 2, 2, 2, 2, 2, 2, 2, 2, 2, 2, 2, 2, 2, 2, 2, 2, 4, 2, 2], "band_eigenval": [-8.777657, -8.70832, -8.674628, -6.98198, -6.506677, -1.29932, -0.312483, -0.066294, 0.571421, 1.021144, 1.889011, 1.999523, 2.310771, 2.65389, 4.757732, 5.668691, 6.167392, 6.399803, 7.473439, 7.767082, 8.785504, 10.336412, 11.185598, 12.51891, 12.91161, 13.752309, 14.11367, 14.540198, 15.157121], "inversion_eigenval": [-2.0, 2.0, 2.0, -2.0, 2.0, -2.0, 2.0, -2.0, -2.0, 2.0, 2.0, -2.0, -2.0, -2.0, 2.0, 2.0, -2.0, 2.0, -2.0, 2.0, -2.0, -2.0, 2.0, 2.0, -2.0, -2.0, -0.0, 2.0, 2.0]}, "s": {"band_index": [1, 3, 5, 7, 9, 11, 13, 15, 17, 19, 21, 23, 25, 27, 29, 31, 33, 35, 37, 39, 41, 43, 45, 47, 49, 51, 53, 57, 59], "band_degeneracy": [2, 2, 2, 2, 2, 2, 2, 2, 2, 2, 2, 2, 2, 2, 2, 2, 2, 2, 2, 2, 2, 2, 2, 2, 2, 2, 4, 2, 2], "band_eigenval": [-8.777657, -8.70832, -8.674628, -6.98198, -6.506677, -1.29932, -0.312483, -0.066294, 0.571421, 1.021144, 1.889011, 1.999523, 2.310771, 2.65389, 4.757732, 5.668691, 6.167392, 6.399803, 7.473439, 7.767082, 8.785504, 10.336412, 11.185598, 12.51891, 12.91161, 13.752309, 14.11367, 14.540196, 15.157101], "inversion_eigenval": [-2.0, 2.0, 2.0, -2.0, 2.0, -2.0, 2.0, -2.0, -2.0, 2.0, 2.0, -2.0, -2.0, -2.0, 2.0, 2.0, -2.0, 2.0, -2.0, 2.0, -2.0, -2.0, 2.0, 2.0, -2.0, -2.0, 0.0, 2.0, 2.0]}, "x": {"band_index": [1, 3, 5, 7, 9, 11, 13, 15, 17, 19, 21, 23, 25, 27, 29, 31, 33, 35, 37, 39, 41, 43, 45, 47, 49, 51, 53, 55, 57, 59, 61, 63], "band_degeneracy": [2, 2, 2, 2, 2, 2, 2, 2, 2, 2, 2, 2, 2, 2, 2, 2, 2, 2, 2, 2, 2, 2, 2, 2, 2, 2, 2, 2, 2, 2, 2, 2], "band_eigenval": [-8.75473, -8.707116, -8.704358, -6.930981, -6.555642, -1.47056, 0.088424, 0.121441, 0.710196, 0.79319, 1.234702, 1.83768, 2.501769, 3.041078, 4.370786, 5.801806, 6.306067, 6.721931, 7.524512, 7.85723, 8.211975, 10.010351, 12.162267, 12.647535, 13.290519, 13.557721, 13.747139, 14.110401, 14.389221, 14.876797, 14.904022, 15.16398], "inversion_eigenval": [2.0, -2.0, 2.0, -2.0, 2.0, -2.0, -2.0, 2.0, -2.0, 2.0, 2.0, -2.0, -2.0, -2.0, 2.0, 2.0, -2.0, 2.0, -2.0, 2.0, -2.0, -2.0, -2.0, 2.0, -2.0, 2.0, 2.0, 2.0, 2.0, 2.0, -2.0, -2.0]}, "y": {"band_index": [1, 3, 5, 7, 9, 11, 13, 15, 17, 19, 21, 23, 25, 27, 29, 31, 33, 35, 37, 39, 41, 43, 45, 47, 49, 51, 53, 55, 57, 59, 61, 63], "band_degeneracy": [2, 2, 2, 2, 2, 2, 2, 2, 2, 2, 2, 2, 2, 2, 2, 2, 2, 2, 2, 2, 2, 2, 2, 2, 2, 2, 2, 2, 2, 2, 2, 2], "band_eigenval": [-8.75473, -8.707116, -8.704358, -6.930981, -6.555642, -1.47056, 0.088424, 0.121441, 0.710196, 0.79319, 1.234702, 1.83768, 2.501769, 3.041078, 4.370786, 5.801806, 6.306067, 6.721931, 7.524512, 7.85723, 8.211975, 10.010351, 12.162267, 12.647535, 13.290519, 13.557721, 13.747139, 14.110401, 14.389221, 14.876805, 14.904002, 15.16429], "inversion_eigenval": [2.0, -2.0, 2.0, -2.0, 2.0, -2.0, -2.0, 2.0, -2.0, 2.0, 2.0, -2.0, -2.0, -2.0, 2.0, 2.0, -2.0, 2.0, -2.0, 2.0, -2.0, -2.0, -2.0, 2.0, -2.0, 2.0, 2.0, 2.0, 2.0, 2.0, -2.0, -2.0]}, "z": {"band_index": [1, 3, 5, 7, 9, 11, 13, 15, 17, 19, 21, 23, 25, 27, 29, 31, 33, 35, 37, 39, 41, 43, 45, 47, 49, 51, 53, 55, 57, 59, 61, 63], "band_degeneracy": [2, 2, 2, 2, 2, 2, 2, 2, 2, 2, 2, 2, 2, 2, 2, 2, 2, 2, 2, 2, 2, 2, 2, 2, 2, 2, 2, 2, 2, 2, 2, 2], "band_eigenval": [-8.75473, -8.707116, -8.704358, -6.930981, -6.555642, -1.47056, 0.088424, 0.121441, 0.710196, 0.79319, 1.234702, 1.83768, 2.501769, 3.041078, 4.370786, 5.801806, 6.306067, 6.721931, 7.524512, 7.85723, 8.211975, 10.010351, 12.162267, 12.647535, 13.290519, 13.557721, 13.747139, 14.110401, 14.389221, 14.876803, 14.903999, 15.163961], "inversion_eigenval": [2.0, -2.0, 2.0, -2.0, 2.0, -2.0, -2.0, 2.0, -2.0, 2.0, 2.0, -2.0, -2.0, -2.0, 2.0, 2.0, -2.0, 2.0, -2.0, 2.0, -2.0, -2.0, -2.0, 2.0, -2.0, 2.0, 2.0, 2.0, 2.0, 2.0, -2.0, -2.0]}}}